êµ­ê°€,ë„,ì‹œ,ìœ íŠœë¸Œ ì±„ë„ëª…,ì˜ìƒ ì œëª©,ì˜ìƒ ë§í¬,ì—…ë¡œë“œì¼,ìž¥ì†Œ ì´ë¦„,ë§µ ë§í¬,ì£¼ì†Œ,ìœ„ë„,ê²½ë„,ì¹´í…Œê³ ë¦¬,ì—¬í–‰ ì¼ì°¨,ë°©ë¬¸ ìˆœì„œ,íƒ€ìž„ë¼ì¸
,,,,,,,,,,,,,,,
,,,,,Vlog â€¢ ê°•ì›ë„ ì—¬í–‰ ë¸Œì´ë¡œê·¸ ðŸ‡°ðŸ‡· ì†ì´ˆ ì–‘ì–‘ ê°•ë¦‰ ë ˆì¸ ê³  | ì´í‹€ ë§Œì— ë§›ì§‘ ë¿Œì‹œê¸° | ì–‘ì–‘ ì˜¤ì…˜ë·° ìˆ™ì†Œ ðŸŒŠ,,,,,,,,,,
ëŒ€í•œë¯¼êµ­,ê°•ì›,ì†ì´ˆ,ì—°ìˆ˜ì—°,Vlog â€¢ ê°•ì›ë„ ì—¬í–‰ ë¸Œì´ë¡œê·¸ ðŸ‡°ðŸ‡· ì†ì´ˆ ì–‘ì–‘ ê°•ë¦‰ ë ˆì¸ ê³  | ì´í‹€ ë§Œì— ë§›ì§‘ ë¿Œì‹œê¸° | ì–‘ì–‘ ì˜¤ì…˜ë·° ìˆ™ì†Œ ðŸŒŠ,https://www.youtube.com/watch?v=GNfN3mSz_cQ,2024-11-18,ì„¤ì•…ì‚°,https://place.map.kakao.com/21764909,ê°•ì›íŠ¹ë³„ìžì¹˜ë„ ì–‘ì–‘êµ° ì„œë©´ ì˜¤ìƒ‰ë¦¬,38.11912517931730,128.4653615314630,"ì—¬í–‰ > ê´€ê´‘,ëª…ì†Œ > ì‚°",1,1,
ëŒ€í•œë¯¼êµ­,ê°•ì›,ì†ì´ˆ,ì—°ìˆ˜ì—°,Vlog â€¢ ê°•ì›ë„ ì—¬í–‰ ë¸Œì´ë¡œê·¸ ðŸ‡°ðŸ‡· ì†ì´ˆ ì–‘ì–‘ ê°•ë¦‰ ë ˆì¸ ê³  | ì´í‹€ ë§Œì— ë§›ì§‘ ë¿Œì‹œê¸° | ì–‘ì–‘ ì˜¤ì…˜ë·° ìˆ™ì†Œ ðŸŒŠ,https://www.youtube.com/watch?v=GNfN3mSz_cQ,2024-11-18,ë‹¤í–¥ì„¤ì•…,https://place.map.kakao.com/27594398,ê°•ì›íŠ¹ë³„ìžì¹˜ë„ ì†ì´ˆì‹œ ì„¤ì•…ì‚°ë¡œ 1078,38.11912517931730,128.4653615314630,ìŒì‹ì  > ì¹´íŽ˜,1,2,
ëŒ€í•œë¯¼êµ­,ê°•ì›,ì†ì´ˆ,ì—°ìˆ˜ì—°,Vlog â€¢ ê°•ì›ë„ ì—¬í–‰ ë¸Œì´ë¡œê·¸ ðŸ‡°ðŸ‡· ì†ì´ˆ ì–‘ì–‘ ê°•ë¦‰ ë ˆì¸ ê³  | ì´í‹€ ë§Œì— ë§›ì§‘ ë¿Œì‹œê¸° | ì–‘ì–‘ ì˜¤ì…˜ë·° ìˆ™ì†Œ ðŸŒŠ,https://www.youtube.com/watch?v=GNfN3mSz_cQ,2024-11-18,ì„¤ì•…ì‚° êµ­ë¦½ê³µì› ìž…êµ¬,https://place.map.kakao.com/492413466,ê°•ì›íŠ¹ë³„ìžì¹˜ë„ ì†ì´ˆì‹œ ì„¤ì•…ë™ 111-1,38.1729236921226,128.493980523097,"êµí†µ,ìˆ˜ì†¡ > ìž…ì¶œêµ¬",1,3,
ëŒ€í•œë¯¼êµ­,ê°•ì›,ì†ì´ˆ,ì—°ìˆ˜ì—°,Vlog â€¢ ê°•ì›ë„ ì—¬í–‰ ë¸Œì´ë¡œê·¸ ðŸ‡°ðŸ‡· ì†ì´ˆ ì–‘ì–‘ ê°•ë¦‰ ë ˆì¸ ê³  | ì´í‹€ ë§Œì— ë§›ì§‘ ë¿Œì‹œê¸° | ì–‘ì–‘ ì˜¤ì…˜ë·° ìˆ™ì†Œ ðŸŒŠ,https://www.youtube.com/watch?v=GNfN3mSz_cQ,2024-11-18,ì„¤ì•… ì¼€ì´ë¸”ì¹´,https://place.map.kakao.com/7949134,ê°•ì›íŠ¹ë³„ìžì¹˜ë„ ì†ì´ˆì‹œ ì„¤ì•…ë™ 146-2,38.17312272847750,128.48909143420900,"ì—¬í–‰ > ê´€ê´‘,ëª…ì†Œ > ì¼€ì´ë¸”ì¹´",1,4,
ëŒ€í•œë¯¼êµ­,ê°•ì›,ì†ì´ˆ,ì—°ìˆ˜ì—°,Vlog â€¢ ê°•ì›ë„ ì—¬í–‰ ë¸Œì´ë¡œê·¸ ðŸ‡°ðŸ‡· ì†ì´ˆ ì–‘ì–‘ ê°•ë¦‰ ë ˆì¸ ê³  | ì´í‹€ ë§Œì— ë§›ì§‘ ë¿Œì‹œê¸° | ì–‘ì–‘ ì˜¤ì…˜ë·° ìˆ™ì†Œ ðŸŒŠ,https://www.youtube.com/watch?v=GNfN3mSz_cQ,2024-11-18,ì†ì´ˆê´€ê´‘ìˆ˜ì‚°ì‹œìž¥,https://place.map.kakao.com/12797187,ê°•ì›íŠ¹ë³„ìžì¹˜ë„ ì†ì´ˆì‹œ ì¤‘ì•™ë™ 471-4,38.204542733975200,128.5902457350100,"ê°€ì •,ìƒí™œ > ì‹œìž¥",1,5,
ëŒ€í•œë¯¼êµ­,ê°•ì›,ì†ì´ˆ,ì—°ìˆ˜ì—°,Vlog â€¢ ê°•ì›ë„ ì—¬í–‰ ë¸Œì´ë¡œê·¸ ðŸ‡°ðŸ‡· ì†ì´ˆ ì–‘ì–‘ ê°•ë¦‰ ë ˆì¸ ê³  | ì´í‹€ ë§Œì— ë§›ì§‘ ë¿Œì‹œê¸° | ì–‘ì–‘ ì˜¤ì…˜ë·° ìˆ™ì†Œ ðŸŒŠ,https://www.youtube.com/watch?v=GNfN3mSz_cQ,2024-11-18,ìž¥í„° ìˆœëŒ€êµ­,https://place.map.kakao.com/885835543,ê°•ì›íŠ¹ë³„ìžì¹˜ë„ ì†ì´ˆì‹œ ê¸ˆí˜¸ë™ 492-17,38.204461774597000,128.5891731487530,ìŒì‹ì  > í•œì‹ > ìˆœëŒ€,1,6,
ëŒ€í•œë¯¼êµ­,ê°•ì›,ì†ì´ˆ,ì—°ìˆ˜ì—°,Vlog â€¢ ê°•ì›ë„ ì—¬í–‰ ë¸Œì´ë¡œê·¸ ðŸ‡°ðŸ‡· ì†ì´ˆ ì–‘ì–‘ ê°•ë¦‰ ë ˆì¸ ê³  | ì´í‹€ ë§Œì— ë§›ì§‘ ë¿Œì‹œê¸° | ì–‘ì–‘ ì˜¤ì…˜ë·° ìˆ™ì†Œ ðŸŒŠ,https://www.youtube.com/watch?v=GNfN3mSz_cQ,2024-11-18,ê·¸ëž‘ë² ì´ ë°”ì´ ì˜íƒ€ìŠ¤ìœ„íŠ¸,https://place.map.kakao.com/759977461,ê°•ì›íŠ¹ë³„ìžì¹˜ë„ ì–‘ì–‘êµ° ê°•í˜„ë©´ ì£¼ì²­ë¦¬ 2-15,38.1173254813102,128.632056362977,ì—¬í–‰ > ìˆ™ë°• > í˜¸í…”,1,7,
ëŒ€í•œë¯¼êµ­,ê°•ì›,ì†ì´ˆ,ì—°ìˆ˜ì—°,Vlog â€¢ ê°•ì›ë„ ì—¬í–‰ ë¸Œì´ë¡œê·¸ ðŸ‡°ðŸ‡· ì†ì´ˆ ì–‘ì–‘ ê°•ë¦‰ ë ˆì¸ ê³  | ì´í‹€ ë§Œì— ë§›ì§‘ ë¿Œì‹œê¸° | ì–‘ì–‘ ì˜¤ì…˜ë·° ìˆ™ì†Œ ðŸŒŠ,https://www.youtube.com/watch?v=GNfN3mSz_cQ,2024-11-18,ë‚™ì‚° í•´ìˆ˜ìš•ìž¥,https://place.map.kakao.com/8229967,ê°•ì›íŠ¹ë³„ìžì¹˜ë„ ì–‘ì–‘êµ° ê°•í˜„ë©´ ì „ì§„ë¦¬,38.115871436438,128.635755922233,"ì—¬í–‰ > ê´€ê´‘,ëª…ì†Œ > í•´ìˆ˜ìš•ìž¥,í•´ë³€",2,1,
ëŒ€í•œë¯¼êµ­,ê°•ì›,ì†ì´ˆ,ì—°ìˆ˜ì—°,Vlog â€¢ ê°•ì›ë„ ì—¬í–‰ ë¸Œì´ë¡œê·¸ ðŸ‡°ðŸ‡· ì†ì´ˆ ì–‘ì–‘ ê°•ë¦‰ ë ˆì¸ ê³  | ì´í‹€ ë§Œì— ë§›ì§‘ ë¿Œì‹œê¸° | ì–‘ì–‘ ì˜¤ì…˜ë·° ìˆ™ì†Œ ðŸŒŠ,https://www.youtube.com/watch?v=GNfN3mSz_cQ,2024-11-18,ëŒë°”ìš° íšŸì§‘,https://place.map.kakao.com/8919896,ê°•ì›íŠ¹ë³„ìžì¹˜ë„ ì–‘ì–‘êµ° í˜„ë‚¨ë©´ ë‚¨ì• ë¦¬ 73,37.939784541443200,128.78788907292700,"ìŒì‹ì  > í•œì‹ > í•´ë¬¼,ìƒì„  > íšŒ",2,2,
ëŒ€í•œë¯¼êµ­,ê°•ì›,ì†ì´ˆ,ì—°ìˆ˜ì—°,Vlog â€¢ ê°•ì›ë„ ì—¬í–‰ ë¸Œì´ë¡œê·¸ ðŸ‡°ðŸ‡· ì†ì´ˆ ì–‘ì–‘ ê°•ë¦‰ ë ˆì¸ ê³  | ì´í‹€ ë§Œì— ë§›ì§‘ ë¿Œì‹œê¸° | ì–‘ì–‘ ì˜¤ì…˜ë·° ìˆ™ì†Œ ðŸŒŠ,https://www.youtube.com/watch?v=GNfN3mSz_cQ,2024-11-18,ë¡œì§€ì»¤í”¼,https://place.map.kakao.com/1169870958,ê°•ì›íŠ¹ë³„ìžì¹˜ë„ ê°•ë¦‰ì‹œ ê²¬ì†Œë™ 4,37.77074284895610,128.94991510140200,ìŒì‹ì  > ì¹´íŽ˜ > ì»¤í”¼ì „ë¬¸ì ,2,3,
ëŒ€í•œë¯¼êµ­,ê°•ì›,ì†ì´ˆ,ì—°ìˆ˜ì—°,Vlog â€¢ ê°•ì›ë„ ì—¬í–‰ ë¸Œì´ë¡œê·¸ ðŸ‡°ðŸ‡· ì†ì´ˆ ì–‘ì–‘ ê°•ë¦‰ ë ˆì¸ ê³  | ì´í‹€ ë§Œì— ë§›ì§‘ ë¿Œì‹œê¸° | ì–‘ì–‘ ì˜¤ì…˜ë·° ìˆ™ì†Œ ðŸŒŠ,https://www.youtube.com/watch?v=GNfN3mSz_cQ,2024-11-18,ë§Œì„ë‹­ê°•ì • ì•ˆëª©ì§ì˜ì ,https://place.map.kakao.com/46552981,ê°•ì›íŠ¹ë³„ìžì¹˜ë„ ê°•ë¦‰ì‹œ ê²¬ì†Œë™ 161,37.771333702436100,128.94861419690700,ìŒì‹ì  > ê°„ì‹ > ë‹­ê°•ì •,2,4,
ëŒ€í•œë¯¼êµ­,ê°•ì›,ì†ì´ˆ,ì—°ìˆ˜ì—°,Vlog â€¢ ê°•ì›ë„ ì—¬í–‰ ë¸Œì´ë¡œê·¸ ðŸ‡°ðŸ‡· ì†ì´ˆ ì–‘ì–‘ ê°•ë¦‰ ë ˆì¸ ê³  | ì´í‹€ ë§Œì— ë§›ì§‘ ë¿Œì‹œê¸° | ì–‘ì–‘ ì˜¤ì…˜ë·° ìˆ™ì†Œ ðŸŒŠ,https://www.youtube.com/watch?v=GNfN3mSz_cQ,2024-11-18,ë™í™”ê°€ë“ ,https://place.map.kakao.com/7846414,ê°•ì›íŠ¹ë³„ìžì¹˜ë„ ê°•ë¦‰ì‹œ ì´ˆë‹¹ë™ 309-1,37.7911413047027,128.91466316142,ìŒì‹ì  > í•œì‹ > ë‘ë¶€ì „ë¬¸ì ,2,5,
,,,,,,,,,,,,,,,
,,,,,"ë‚˜í˜¼ìž ê¸°ì°¨ íƒ€ê³  ë¶€ì‚° ì—¬í–‰ vlog ðŸŒŠ | ë‹¹ì¼ì¹˜ê¸° ìŒ‰ê°€ëŠ¥í•œ ì—¬í–‰ì½”ìŠ¤ ðŸ’Œ , 200% ë§Œì¡±í•œ ê´‘ì•ˆë¦¬ ìˆ™ì†Œ ðŸ , ë¶€ì‚° í† ë°•ì´ì˜ ë‹¨ê³¨ì§‘ ì¶”ì²œê¹Œì§€,,ðŸ’› | 3ë°•4ì¼ ë¶€ì‚° ë¸Œì´ë¡œê·¸",,,,,,,,,,
ëŒ€í•œë¯¼êµ­,ë¶€ì‚°,ë¶€ì‚°,ì—°ìˆ˜ì—°,"ë‚˜í˜¼ìž ê¸°ì°¨ íƒ€ê³  ë¶€ì‚° ì—¬í–‰ vlog ðŸŒŠ | ë‹¹ì¼ì¹˜ê¸° ìŒ‰ê°€ëŠ¥í•œ ì—¬í–‰ì½”ìŠ¤ ðŸ’Œ , 200% ë§Œì¡±í•œ ê´‘ì•ˆë¦¬ ìˆ™ì†Œ ðŸ , ë¶€ì‚° í† ë°•ì´ì˜ ë‹¨ê³¨ì§‘ ì¶”ì²œê¹Œì§€,,ðŸ’› | 3ë°•4ì¼ ë¶€ì‚° ë¸Œì´ë¡œê·¸",https://www.youtube.com/watch?v=U7vwpgZlD6Q,2025-07-01,ê±°ë¶ì´ê¸ˆê³ ,https://place.map.kakao.com/1711024786,ë¶€ì‚° í•´ìš´ëŒ€êµ¬ ì¤‘ë™ 1394-29,35.16254866942860,129.16272972528700,"ìŒì‹ì  > ì¼ì‹ > ëˆê¹ŒìŠ¤,ìš°ë™",1,1,
ëŒ€í•œë¯¼êµ­,ë¶€ì‚°,ë¶€ì‚°,ì—°ìˆ˜ì—°,"ë‚˜í˜¼ìž ê¸°ì°¨ íƒ€ê³  ë¶€ì‚° ì—¬í–‰ vlog ðŸŒŠ | ë‹¹ì¼ì¹˜ê¸° ìŒ‰ê°€ëŠ¥í•œ ì—¬í–‰ì½”ìŠ¤ ðŸ’Œ , 200% ë§Œì¡±í•œ ê´‘ì•ˆë¦¬ ìˆ™ì†Œ ðŸ , ë¶€ì‚° í† ë°•ì´ì˜ ë‹¨ê³¨ì§‘ ì¶”ì²œê¹Œì§€,,ðŸ’› | 3ë°•4ì¼ ë¶€ì‚° ë¸Œì´ë¡œê·¸",https://www.youtube.com/watch?v=U7vwpgZlD6Q,2025-07-01,í•´ìš´ëŒ€í•´ìˆ˜ìš•ìž¥,https://place.map.kakao.com/7913306,ë¶€ì‚° í•´ìš´ëŒ€êµ¬ ìš°ë™,35.1585232170784,129.159854668484,"ì—¬í–‰ > ê´€ê´‘,ëª…ì†Œ > í•´ìˆ˜ìš•ìž¥,í•´ë³€",1,2,
ëŒ€í•œë¯¼êµ­,ë¶€ì‚°,ë¶€ì‚°,ì—°ìˆ˜ì—°,"ë‚˜í˜¼ìž ê¸°ì°¨ íƒ€ê³  ë¶€ì‚° ì—¬í–‰ vlog ðŸŒŠ | ë‹¹ì¼ì¹˜ê¸° ìŒ‰ê°€ëŠ¥í•œ ì—¬í–‰ì½”ìŠ¤ ðŸ’Œ , 200% ë§Œì¡±í•œ ê´‘ì•ˆë¦¬ ìˆ™ì†Œ ðŸ , ë¶€ì‚° í† ë°•ì´ì˜ ë‹¨ê³¨ì§‘ ì¶”ì²œê¹Œì§€,,ðŸ’› | 3ë°•4ì¼ ë¶€ì‚° ë¸Œì´ë¡œê·¸",https://www.youtube.com/watch?v=U7vwpgZlD6Q,2025-07-01,ìƒêµ­ì´ë„¤,https://place.map.kakao.com/9089301,ë¶€ì‚° í•´ìš´ëŒ€êµ¬ ì¤‘ë™ 1394-42,35.162016169133,129.16287693095900,ìŒì‹ì  > ë¶„ì‹,1,3,
ëŒ€í•œë¯¼êµ­,ë¶€ì‚°,ë¶€ì‚°,ì—°ìˆ˜ì—°,"ë‚˜í˜¼ìž ê¸°ì°¨ íƒ€ê³  ë¶€ì‚° ì—¬í–‰ vlog ðŸŒŠ | ë‹¹ì¼ì¹˜ê¸° ìŒ‰ê°€ëŠ¥í•œ ì—¬í–‰ì½”ìŠ¤ ðŸ’Œ , 200% ë§Œì¡±í•œ ê´‘ì•ˆë¦¬ ìˆ™ì†Œ ðŸ , ë¶€ì‚° í† ë°•ì´ì˜ ë‹¨ê³¨ì§‘ ì¶”ì²œê¹Œì§€,,ðŸ’› | 3ë°•4ì¼ ë¶€ì‚° ë¸Œì´ë¡œê·¸",https://www.youtube.com/watch?v=U7vwpgZlD6Q,2025-07-01,ê³ ëž˜ì„œì´ë» í•´ë¦¬ë‹¨ê¸¸,https://place.map.kakao.com/1557551696,ë¶€ì‚° í•´ìš´ëŒ€êµ¬ ìš°ë™ 519-10,35.165694183043400,129.15835655826800,"ê°€ì •,ìƒí™œ > íŒ¨ì…˜ > íŒ¨ì…˜ìž¡í™”ì ",1,4,
ëŒ€í•œë¯¼êµ­,ë¶€ì‚°,ë¶€ì‚°,ì—°ìˆ˜ì—°,"ë‚˜í˜¼ìž ê¸°ì°¨ íƒ€ê³  ë¶€ì‚° ì—¬í–‰ vlog ðŸŒŠ | ë‹¹ì¼ì¹˜ê¸° ìŒ‰ê°€ëŠ¥í•œ ì—¬í–‰ì½”ìŠ¤ ðŸ’Œ , 200% ë§Œì¡±í•œ ê´‘ì•ˆë¦¬ ìˆ™ì†Œ ðŸ , ë¶€ì‚° í† ë°•ì´ì˜ ë‹¨ê³¨ì§‘ ì¶”ì²œê¹Œì§€,,ðŸ’› | 3ë°•4ì¼ ë¶€ì‚° ë¸Œì´ë¡œê·¸",https://www.youtube.com/watch?v=U7vwpgZlD6Q,2025-07-01,ì–´ì»µì˜¤ë¸Œì›œí‹°,https://place.map.kakao.com/580159322,ë¶€ì‚° í•´ìš´ëŒ€êµ¬ ìš°ë™ 518,35.16546087054760,129.1580990905470,"ê°€ì •,ìƒí™œ > ë¬¸êµ¬,ì‚¬ë¬´ìš©í’ˆ",1,5,
ëŒ€í•œë¯¼êµ­,ë¶€ì‚°,ë¶€ì‚°,ì—°ìˆ˜ì—°,"ë‚˜í˜¼ìž ê¸°ì°¨ íƒ€ê³  ë¶€ì‚° ì—¬í–‰ vlog ðŸŒŠ | ë‹¹ì¼ì¹˜ê¸° ìŒ‰ê°€ëŠ¥í•œ ì—¬í–‰ì½”ìŠ¤ ðŸ’Œ , 200% ë§Œì¡±í•œ ê´‘ì•ˆë¦¬ ìˆ™ì†Œ ðŸ , ë¶€ì‚° í† ë°•ì´ì˜ ë‹¨ê³¨ì§‘ ì¶”ì²œê¹Œì§€,,ðŸ’› | 3ë°•4ì¼ ë¶€ì‚° ë¸Œì´ë¡œê·¸",https://www.youtube.com/watch?v=U7vwpgZlD6Q,2025-07-01,ì½”ì˜¤ë¦¬ë§ˆì°Œ í•´ìš´ëŒ€í•´ë¦¬ë‹¨ê¸¸,https://place.map.kakao.com/1428144856,ë¶€ì‚° í•´ìš´ëŒ€êµ¬ ìš°ë™ 449-3,35.16624176054150,129.15837432498700,ìŒì‹ì  > ì¹´íŽ˜ > í…Œë§ˆì¹´íŽ˜ > ë””ì €íŠ¸ì¹´íŽ˜,1,6,
ëŒ€í•œë¯¼êµ­,ë¶€ì‚°,ë¶€ì‚°,ì—°ìˆ˜ì—°,"ë‚˜í˜¼ìž ê¸°ì°¨ íƒ€ê³  ë¶€ì‚° ì—¬í–‰ vlog ðŸŒŠ | ë‹¹ì¼ì¹˜ê¸° ìŒ‰ê°€ëŠ¥í•œ ì—¬í–‰ì½”ìŠ¤ ðŸ’Œ , 200% ë§Œì¡±í•œ ê´‘ì•ˆë¦¬ ìˆ™ì†Œ ðŸ , ë¶€ì‚° í† ë°•ì´ì˜ ë‹¨ê³¨ì§‘ ì¶”ì²œê¹Œì§€,,ðŸ’› | 3ë°•4ì¼ ë¶€ì‚° ë¸Œì´ë¡œê·¸",https://www.youtube.com/watch?v=U7vwpgZlD6Q,2025-07-01,ë¸Œë¡œì“°ë§ˆì¹´ë¡± í•´ìš´ëŒ€ì ,https://place.map.kakao.com/1620644455,ë¶€ì‚° í•´ìš´ëŒ€êµ¬ ìš°ë™ 563-4,35.1658455799386,129.1603775575,ìŒì‹ì  > ì¹´íŽ˜ > í…Œë§ˆì¹´íŽ˜ > ë””ì €íŠ¸ì¹´íŽ˜,1,7,
ëŒ€í•œë¯¼êµ­,ë¶€ì‚°,ë¶€ì‚°,ì—°ìˆ˜ì—°,"ë‚˜í˜¼ìž ê¸°ì°¨ íƒ€ê³  ë¶€ì‚° ì—¬í–‰ vlog ðŸŒŠ | ë‹¹ì¼ì¹˜ê¸° ìŒ‰ê°€ëŠ¥í•œ ì—¬í–‰ì½”ìŠ¤ ðŸ’Œ , 200% ë§Œì¡±í•œ ê´‘ì•ˆë¦¬ ìˆ™ì†Œ ðŸ , ë¶€ì‚° í† ë°•ì´ì˜ ë‹¨ê³¨ì§‘ ì¶”ì²œê¹Œì§€,,ðŸ’› | 3ë°•4ì¼ ë¶€ì‚° ë¸Œì´ë¡œê·¸",https://www.youtube.com/watch?v=U7vwpgZlD6Q,2025-07-01,ì‹ ì„¸ê³„ë°±í™”ì  ì„¼í…€ì‹œí‹°ì ,https://place.map.kakao.com/7969139,ë¶€ì‚° í•´ìš´ëŒ€êµ¬ ìš°ë™ 1495,35.16864392798530,129.12907174004900,"ê°€ì •,ìƒí™œ > ë°±í™”ì  > ì‹ ì„¸ê³„ë°±í™”ì ",1,8,
ëŒ€í•œë¯¼êµ­,ë¶€ì‚°,ë¶€ì‚°,ì—°ìˆ˜ì—°,"ë‚˜í˜¼ìž ê¸°ì°¨ íƒ€ê³  ë¶€ì‚° ì—¬í–‰ vlog ðŸŒŠ | ë‹¹ì¼ì¹˜ê¸° ìŒ‰ê°€ëŠ¥í•œ ì—¬í–‰ì½”ìŠ¤ ðŸ’Œ , 200% ë§Œì¡±í•œ ê´‘ì•ˆë¦¬ ìˆ™ì†Œ ðŸ , ë¶€ì‚° í† ë°•ì´ì˜ ë‹¨ê³¨ì§‘ ì¶”ì²œê¹Œì§€,,ðŸ’› | 3ë°•4ì¼ ë¶€ì‚° ë¸Œì´ë¡œê·¸",https://www.youtube.com/watch?v=U7vwpgZlD6Q,2025-07-01,ê°œë¯¸ì§‘ ê´‘ì•ˆë¦¬ë³¸ì ,https://place.map.kakao.com/13719092,ë¶€ì‚° ìˆ˜ì˜êµ¬ ê´‘ì•ˆë™ 194-7,35.15302382513680,129.1172775837410,"ìŒì‹ì  > í•œì‹ > í•´ë¬¼,ìƒì„ ",1,9,
ëŒ€í•œë¯¼êµ­,ë¶€ì‚°,ë¶€ì‚°,ì—°ìˆ˜ì—°,"ë‚˜í˜¼ìž ê¸°ì°¨ íƒ€ê³  ë¶€ì‚° ì—¬í–‰ vlog ðŸŒŠ | ë‹¹ì¼ì¹˜ê¸° ìŒ‰ê°€ëŠ¥í•œ ì—¬í–‰ì½”ìŠ¤ ðŸ’Œ , 200% ë§Œì¡±í•œ ê´‘ì•ˆë¦¬ ìˆ™ì†Œ ðŸ , ë¶€ì‚° í† ë°•ì´ì˜ ë‹¨ê³¨ì§‘ ì¶”ì²œê¹Œì§€,,ðŸ’› | 3ë°•4ì¼ ë¶€ì‚° ë¸Œì´ë¡œê·¸",https://www.youtube.com/watch?v=U7vwpgZlD6Q,2025-07-01,ë°€ë½ë”ë§ˆì¼“,https://place.map.kakao.com/852075435,ë¶€ì‚° ìˆ˜ì˜êµ¬ ë¯¼ë½ë™ 113-31,35.1542799667248,129.127000968254,"ê°€ì •,ìƒí™œ > ìƒê°€,ì•„ì¼€ì´ë“œ",1,10,
ëŒ€í•œë¯¼êµ­,ë¶€ì‚°,ë¶€ì‚°,ì—°ìˆ˜ì—°,"ë‚˜í˜¼ìž ê¸°ì°¨ íƒ€ê³  ë¶€ì‚° ì—¬í–‰ vlog ðŸŒŠ | ë‹¹ì¼ì¹˜ê¸° ìŒ‰ê°€ëŠ¥í•œ ì—¬í–‰ì½”ìŠ¤ ðŸ’Œ , 200% ë§Œì¡±í•œ ê´‘ì•ˆë¦¬ ìˆ™ì†Œ ðŸ , ë¶€ì‚° í† ë°•ì´ì˜ ë‹¨ê³¨ì§‘ ì¶”ì²œê¹Œì§€,,ðŸ’› | 3ë°•4ì¼ ë¶€ì‚° ë¸Œì´ë¡œê·¸",https://www.youtube.com/watch?v=U7vwpgZlD6Q,2025-07-01,í˜¸í…”1,https://place.map.kakao.com/1983093259,ë¶€ì‚° ìˆ˜ì˜êµ¬ ê´‘ì•ˆë™ 196-3,35.152500377292,129.117373739145,ì—¬í–‰ > ìˆ™ë°• > í˜¸í…”,1,11,
ëŒ€í•œë¯¼êµ­,ë¶€ì‚°,ë¶€ì‚°,ì—°ìˆ˜ì—°,"ë‚˜í˜¼ìž ê¸°ì°¨ íƒ€ê³  ë¶€ì‚° ì—¬í–‰ vlog ðŸŒŠ | ë‹¹ì¼ì¹˜ê¸° ìŒ‰ê°€ëŠ¥í•œ ì—¬í–‰ì½”ìŠ¤ ðŸ’Œ , 200% ë§Œì¡±í•œ ê´‘ì•ˆë¦¬ ìˆ™ì†Œ ðŸ , ë¶€ì‚° í† ë°•ì´ì˜ ë‹¨ê³¨ì§‘ ì¶”ì²œê¹Œì§€,,ðŸ’› | 3ë°•4ì¼ ë¶€ì‚° ë¸Œì´ë¡œê·¸",https://www.youtube.com/watch?v=U7vwpgZlD6Q,2025-07-01,ì¼ë“±ê°€ë§ˆì†¥ë¼ì§€êµ­ë°¥ ë‚¨í¬ì ,https://place.map.kakao.com/25412007,ë¶€ì‚° ì¤‘êµ¬ ë¶€í‰ë™2ê°€ 42-4,35.0984345409039,129.025859353702,ìŒì‹ì  > í•œì‹ > êµ­ë°¥,2,1,
ëŒ€í•œë¯¼êµ­,ë¶€ì‚°,ë¶€ì‚°,ì—°ìˆ˜ì—°,"ë‚˜í˜¼ìž ê¸°ì°¨ íƒ€ê³  ë¶€ì‚° ì—¬í–‰ vlog ðŸŒŠ | ë‹¹ì¼ì¹˜ê¸° ìŒ‰ê°€ëŠ¥í•œ ì—¬í–‰ì½”ìŠ¤ ðŸ’Œ , 200% ë§Œì¡±í•œ ê´‘ì•ˆë¦¬ ìˆ™ì†Œ ðŸ , ë¶€ì‚° í† ë°•ì´ì˜ ë‹¨ê³¨ì§‘ ì¶”ì²œê¹Œì§€,,ðŸ’› | 3ë°•4ì¼ ë¶€ì‚° ë¸Œì´ë¡œê·¸",https://www.youtube.com/watch?v=U7vwpgZlD6Q,2025-07-01,ë¶€í‰ê¹¡í†µì‹œìž¥,https://place.map.kakao.com/837490557,ë¶€ì‚° ì¤‘êµ¬ ë¶€í‰ë™2ê°€ 82,35.10182652099440,129.02586215783500,"ê°€ì •,ìƒí™œ > ì‹œìž¥",2,2,
ëŒ€í•œë¯¼êµ­,ë¶€ì‚°,ë¶€ì‚°,ì—°ìˆ˜ì—°,"ë‚˜í˜¼ìž ê¸°ì°¨ íƒ€ê³  ë¶€ì‚° ì—¬í–‰ vlog ðŸŒŠ | ë‹¹ì¼ì¹˜ê¸° ìŒ‰ê°€ëŠ¥í•œ ì—¬í–‰ì½”ìŠ¤ ðŸ’Œ , 200% ë§Œì¡±í•œ ê´‘ì•ˆë¦¬ ìˆ™ì†Œ ðŸ , ë¶€ì‚° í† ë°•ì´ì˜ ë‹¨ê³¨ì§‘ ì¶”ì²œê¹Œì§€,,ðŸ’› | 3ë°•4ì¼ ë¶€ì‚° ë¸Œì´ë¡œê·¸",https://www.youtube.com/watch?v=U7vwpgZlD6Q,2025-07-01,ë³´ìˆ˜ë™ì±…ë°©ê³¨ëª©,https://place.map.kakao.com/427198875,ë¶€ì‚° ì¤‘êµ¬ ë³´ìˆ˜ë™1ê°€ 151-1,35.1033668597923,129.026656923019,"ì—¬í–‰ > ê´€ê´‘,ëª…ì†Œ > í…Œë§ˆê±°ë¦¬",2,3,
ëŒ€í•œë¯¼êµ­,ë¶€ì‚°,ë¶€ì‚°,ì—°ìˆ˜ì—°,"ë‚˜í˜¼ìž ê¸°ì°¨ íƒ€ê³  ë¶€ì‚° ì—¬í–‰ vlog ðŸŒŠ | ë‹¹ì¼ì¹˜ê¸° ìŒ‰ê°€ëŠ¥í•œ ì—¬í–‰ì½”ìŠ¤ ðŸ’Œ , 200% ë§Œì¡±í•œ ê´‘ì•ˆë¦¬ ìˆ™ì†Œ ðŸ , ë¶€ì‚° í† ë°•ì´ì˜ ë‹¨ê³¨ì§‘ ì¶”ì²œê¹Œì§€,,ðŸ’› | 3ë°•4ì¼ ë¶€ì‚° ë¸Œì´ë¡œê·¸",https://www.youtube.com/watch?v=U7vwpgZlD6Q,2025-07-01,í•´ë¹™ëª¨ë¨¼íŠ¸,https://place.map.kakao.com/766434177,ë¶€ì‚° ì˜ë„êµ¬ ì˜ì„ ë™4ê°€ 612,35.07979932499,129.043723496902,ìŒì‹ì  > ì¹´íŽ˜,2,4,
ëŒ€í•œë¯¼êµ­,ë¶€ì‚°,ë¶€ì‚°,ì—°ìˆ˜ì—°,"ë‚˜í˜¼ìž ê¸°ì°¨ íƒ€ê³  ë¶€ì‚° ì—¬í–‰ vlog ðŸŒŠ | ë‹¹ì¼ì¹˜ê¸° ìŒ‰ê°€ëŠ¥í•œ ì—¬í–‰ì½”ìŠ¤ ðŸ’Œ , 200% ë§Œì¡±í•œ ê´‘ì•ˆë¦¬ ìˆ™ì†Œ ðŸ , ë¶€ì‚° í† ë°•ì´ì˜ ë‹¨ê³¨ì§‘ ì¶”ì²œê¹Œì§€,,ðŸ’› | 3ë°•4ì¼ ë¶€ì‚° ë¸Œì´ë¡œê·¸",https://www.youtube.com/watch?v=U7vwpgZlD6Q,2025-07-01,í°ì—¬ìš¸ë¬¸í™”ë§ˆì„,https://place.map.kakao.com/22875776,ë¶€ì‚° ì˜ë„êµ¬ ì˜ì„ ë™4ê°€ 1044-6,35.077914975149700,129.04527260373400,"ì—¬í–‰ > ê´€ê´‘,ëª…ì†Œ",2,5,
ëŒ€í•œë¯¼êµ­,ë¶€ì‚°,ë¶€ì‚°,ì—°ìˆ˜ì—°,"ë‚˜í˜¼ìž ê¸°ì°¨ íƒ€ê³  ë¶€ì‚° ì—¬í–‰ vlog ðŸŒŠ | ë‹¹ì¼ì¹˜ê¸° ìŒ‰ê°€ëŠ¥í•œ ì—¬í–‰ì½”ìŠ¤ ðŸ’Œ , 200% ë§Œì¡±í•œ ê´‘ì•ˆë¦¬ ìˆ™ì†Œ ðŸ , ë¶€ì‚° í† ë°•ì´ì˜ ë‹¨ê³¨ì§‘ ì¶”ì²œê¹Œì§€,,ðŸ’› | 3ë°•4ì¼ ë¶€ì‚° ë¸Œì´ë¡œê·¸",https://www.youtube.com/watch?v=U7vwpgZlD6Q,2025-07-01,ê¸°ìž¥ì†ì¹¼êµ­ìˆ˜,https://place.map.kakao.com/11495457,ë¶€ì‚° ë¶€ì‚°ì§„êµ¬ ë¶€ì „ë™ 256-6,35.1555085142181,129.058300343603,ìŒì‹ì  > í•œì‹ > êµ­ìˆ˜ > ì¹¼êµ­ìˆ˜,2,6,
ëŒ€í•œë¯¼êµ­,ë¶€ì‚°,ë¶€ì‚°,ì—°ìˆ˜ì—°,"ë‚˜í˜¼ìž ê¸°ì°¨ íƒ€ê³  ë¶€ì‚° ì—¬í–‰ vlog ðŸŒŠ | ë‹¹ì¼ì¹˜ê¸° ìŒ‰ê°€ëŠ¥í•œ ì—¬í–‰ì½”ìŠ¤ ðŸ’Œ , 200% ë§Œì¡±í•œ ê´‘ì•ˆë¦¬ ìˆ™ì†Œ ðŸ , ë¶€ì‚° í† ë°•ì´ì˜ ë‹¨ê³¨ì§‘ ì¶”ì²œê¹Œì§€,,ðŸ’› | 3ë°•4ì¼ ë¶€ì‚° ë¸Œì´ë¡œê·¸",https://www.youtube.com/watch?v=U7vwpgZlD6Q,2025-07-01,ì–¼ë£©,https://place.map.kakao.com/1680390963,ë¶€ì‚° ë¶€ì‚°ì§„êµ¬ ì „í¬ë™ 334-9,35.1553264583912,129.068140449076,ìŒì‹ì  > ì¹´íŽ˜ > í…Œë§ˆì¹´íŽ˜ > ë””ì €íŠ¸ì¹´íŽ˜,3,1,
ëŒ€í•œë¯¼êµ­,ë¶€ì‚°,ë¶€ì‚°,ì—°ìˆ˜ì—°,"ë‚˜í˜¼ìž ê¸°ì°¨ íƒ€ê³  ë¶€ì‚° ì—¬í–‰ vlog ðŸŒŠ | ë‹¹ì¼ì¹˜ê¸° ìŒ‰ê°€ëŠ¥í•œ ì—¬í–‰ì½”ìŠ¤ ðŸ’Œ , 200% ë§Œì¡±í•œ ê´‘ì•ˆë¦¬ ìˆ™ì†Œ ðŸ , ë¶€ì‚° í† ë°•ì´ì˜ ë‹¨ê³¨ì§‘ ì¶”ì²œê¹Œì§€,,ðŸ’› | 3ë°•4ì¼ ë¶€ì‚° ë¸Œì´ë¡œê·¸",https://www.youtube.com/watch?v=U7vwpgZlD6Q,2025-07-01,ì´ìž¬ëª¨í”¼ìž ì„œë©´ë³„ê´€,https://place.map.kakao.com/190939248,ë¶€ì‚° ë¶€ì‚°ì§„êµ¬ ì „í¬ë™ 688-2,35.1553073181522,129.064931554482,ìŒì‹ì  > ì–‘ì‹ > í”¼ìž,3,2,
ëŒ€í•œë¯¼êµ­,ë¶€ì‚°,ë¶€ì‚°,ì—°ìˆ˜ì—°,"ë‚˜í˜¼ìž ê¸°ì°¨ íƒ€ê³  ë¶€ì‚° ì—¬í–‰ vlog ðŸŒŠ | ë‹¹ì¼ì¹˜ê¸° ìŒ‰ê°€ëŠ¥í•œ ì—¬í–‰ì½”ìŠ¤ ðŸ’Œ , 200% ë§Œì¡±í•œ ê´‘ì•ˆë¦¬ ìˆ™ì†Œ ðŸ , ë¶€ì‚° í† ë°•ì´ì˜ ë‹¨ê³¨ì§‘ ì¶”ì²œê¹Œì§€,,ðŸ’› | 3ë°•4ì¼ ë¶€ì‚° ë¸Œì´ë¡œê·¸",https://www.youtube.com/watch?v=U7vwpgZlD6Q,2025-07-01,CRR ì „í¬,https://place.map.kakao.com/228568127,ë¶€ì‚° ë¶€ì‚°ì§„êµ¬ ì „í¬ë™ 677-11,35.1554859310743,129.064286485545,"ê°€ì •,ìƒí™œ > ìƒí™œìš©í’ˆì ",3,3,
ëŒ€í•œë¯¼êµ­,ë¶€ì‚°,ë¶€ì‚°,ì—°ìˆ˜ì—°,"ë‚˜í˜¼ìž ê¸°ì°¨ íƒ€ê³  ë¶€ì‚° ì—¬í–‰ vlog ðŸŒŠ | ë‹¹ì¼ì¹˜ê¸° ìŒ‰ê°€ëŠ¥í•œ ì—¬í–‰ì½”ìŠ¤ ðŸ’Œ , 200% ë§Œì¡±í•œ ê´‘ì•ˆë¦¬ ìˆ™ì†Œ ðŸ , ë¶€ì‚° í† ë°•ì´ì˜ ë‹¨ê³¨ì§‘ ì¶”ì²œê¹Œì§€,,ðŸ’› | 3ë°•4ì¼ ë¶€ì‚° ë¸Œì´ë¡œê·¸",https://www.youtube.com/watch?v=U7vwpgZlD6Q,2025-07-01,ê¹€ìœ ìˆœëŒ€êµ¬ë½ˆì°œ,https://place.map.kakao.com/8116757,ë¶€ì‚° ë‚¨êµ¬ ëŒ€ì—°ë™ 291-2,35.1363540063858,129.091513709565,"ìŒì‹ì  > í•œì‹ > í•´ë¬¼,ìƒì„ ",3,4,
,,,,,,,,,,,,,,,
,,,,,"2ë°• 3ì¼ ê²½ì£¼ & í†µì˜ êµ­ë‚´ì—¬í–‰ ë¸Œì´ë¡œê·¸ | 5ì›”ì˜ ê²½ì£¼ëŠ” ì‚¬ëž‘ìž…ë‹ˆë‹¤..â™¥ | ë§›ì§‘, ì¹´íŽ˜ íƒë°© | Korea Travel Vlog",,,,,,,,,,
ëŒ€í•œë¯¼êµ­,ê²½ìƒ,ê²½ì£¼,ì—°ìˆ˜ì—°,"2ë°• 3ì¼ ê²½ì£¼ & í†µì˜ êµ­ë‚´ì—¬í–‰ ë¸Œì´ë¡œê·¸ | 5ì›”ì˜ ê²½ì£¼ëŠ” ì‚¬ëž‘ìž…ë‹ˆë‹¤..â™¥ | ë§›ì§‘, ì¹´íŽ˜ íƒë°© | Korea Travel Vlog",https://www.youtube.com/watch?v=ht7c6zIO-8A,2024-05-19,ë£Œì½”,https://place.map.kakao.com/822374476,ê²½ë¶ ê²½ì£¼ì‹œ í™©ë‚¨ë™ 221-11,35.835284462400700,129.21273757585000,ìŒì‹ì  > ì¼ì‹,1,1,
ëŒ€í•œë¯¼êµ­,ê²½ìƒ,ê²½ì£¼,ì—°ìˆ˜ì—°,"2ë°• 3ì¼ ê²½ì£¼ & í†µì˜ êµ­ë‚´ì—¬í–‰ ë¸Œì´ë¡œê·¸ | 5ì›”ì˜ ê²½ì£¼ëŠ” ì‚¬ëž‘ìž…ë‹ˆë‹¤..â™¥ | ë§›ì§‘, ì¹´íŽ˜ íƒë°© | Korea Travel Vlog",https://www.youtube.com/watch?v=ht7c6zIO-8A,2024-05-19,ë…¹ì•„,https://place.map.kakao.com/598623218,ê²½ë¶ ê²½ì£¼ì‹œ í™©ë‚¨ë™ 239-9,35.83607357219580,129.2117702456680,ìŒì‹ì  > ì¹´íŽ˜,1,2,
ëŒ€í•œë¯¼êµ­,ê²½ìƒ,ê²½ì£¼,ì—°ìˆ˜ì—°,"2ë°• 3ì¼ ê²½ì£¼ & í†µì˜ êµ­ë‚´ì—¬í–‰ ë¸Œì´ë¡œê·¸ | 5ì›”ì˜ ê²½ì£¼ëŠ” ì‚¬ëž‘ìž…ë‹ˆë‹¤..â™¥ | ë§›ì§‘, ì¹´íŽ˜ íƒë°© | Korea Travel Vlog",https://www.youtube.com/watch?v=ht7c6zIO-8A,2024-05-19,ê²½ì£¼ì•„ì´,https://place.map.kakao.com/1967288743,ê²½ë¶ ê²½ì£¼ì‹œ í™©ë‚¨ë™ 297-1,35.83643466253260,129.21011823233800,"ê°€ì •,ìƒí™œ > íŒ¨ì…˜ > íŒ¨ì…˜ìž¡í™”ì ",1,3,
ëŒ€í•œë¯¼êµ­,ê²½ìƒ,ê²½ì£¼,ì—°ìˆ˜ì—°,"2ë°• 3ì¼ ê²½ì£¼ & í†µì˜ êµ­ë‚´ì—¬í–‰ ë¸Œì´ë¡œê·¸ | 5ì›”ì˜ ê²½ì£¼ëŠ” ì‚¬ëž‘ìž…ë‹ˆë‹¤..â™¥ | ë§›ì§‘, ì¹´íŽ˜ íƒë°© | Korea Travel Vlog",https://www.youtube.com/watch?v=ht7c6zIO-8A,2024-05-19,ì–´ì„œì–´ì„œ,https://place.map.kakao.com/563051501,ê²½ë¶ ê²½ì£¼ì‹œ í™©ë‚¨ë™ 278-1,35.837709711864900,129.20962467411200,"ë¬¸í™”,ì˜ˆìˆ  > ë„ì„œ > ì„œì ",1,4,
ëŒ€í•œë¯¼êµ­,ê²½ìƒ,ê²½ì£¼,ì—°ìˆ˜ì—°,"2ë°• 3ì¼ ê²½ì£¼ & í†µì˜ êµ­ë‚´ì—¬í–‰ ë¸Œì´ë¡œê·¸ | 5ì›”ì˜ ê²½ì£¼ëŠ” ì‚¬ëž‘ìž…ë‹ˆë‹¤..â™¥ | ë§›ì§‘, ì¹´íŽ˜ íƒë°© | Korea Travel Vlog",https://www.youtube.com/watch?v=ht7c6zIO-8A,2024-05-19,ížˆí”¼ëª¬ë“œ,https://place.map.kakao.com/1433984006,ê²½ë¶ ê²½ì£¼ì‹œ í™©ë‚¨ë™ 293,35.83680993943790,129.20955544929500,"ê°€ì •,ìƒí™œ > ë¬¸êµ¬,ì‚¬ë¬´ìš©í’ˆ",1,5,
ëŒ€í•œë¯¼êµ­,ê²½ìƒ,ê²½ì£¼,ì—°ìˆ˜ì—°,"2ë°• 3ì¼ ê²½ì£¼ & í†µì˜ êµ­ë‚´ì—¬í–‰ ë¸Œì´ë¡œê·¸ | 5ì›”ì˜ ê²½ì£¼ëŠ” ì‚¬ëž‘ìž…ë‹ˆë‹¤..â™¥ | ë§›ì§‘, ì¹´íŽ˜ íƒë°© | Korea Travel Vlog",https://www.youtube.com/watch?v=ht7c6zIO-8A,2024-05-19,ëŒ€ë¦‰ì›,https://place.map.kakao.com/8288444,ê²½ë¶ ê²½ì£¼ì‹œ í™©ë‚¨ë™ 31-1,35.83819105876200,129.21333399231400,"ì—¬í–‰ > ê´€ê´‘,ëª…ì†Œ > ë¬¸í™”ìœ ì  > ë¦‰,ë¬˜,ì´",1,6,
ëŒ€í•œë¯¼êµ­,ê²½ìƒ,ê²½ì£¼,ì—°ìˆ˜ì—°,"2ë°• 3ì¼ ê²½ì£¼ & í†µì˜ êµ­ë‚´ì—¬í–‰ ë¸Œì´ë¡œê·¸ | 5ì›”ì˜ ê²½ì£¼ëŠ” ì‚¬ëž‘ìž…ë‹ˆë‹¤..â™¥ | ë§›ì§‘, ì¹´íŽ˜ íƒë°© | Korea Travel Vlog",https://www.youtube.com/watch?v=ht7c6zIO-8A,2024-05-19,ì²¨ì„±ëŒ€,https://place.map.kakao.com/8089382,ê²½ë¶ ê²½ì£¼ì‹œ ì¸ì™•ë™ 839-1,35.83471481233600,129.21900018259600,"ì—¬í–‰ > ê´€ê´‘,ëª…ì†Œ > ë¬¸í™”ìœ ì ",1,7,
ëŒ€í•œë¯¼êµ­,ê²½ìƒ,ê²½ì£¼,ì—°ìˆ˜ì—°,"2ë°• 3ì¼ ê²½ì£¼ & í†µì˜ êµ­ë‚´ì—¬í–‰ ë¸Œì´ë¡œê·¸ | 5ì›”ì˜ ê²½ì£¼ëŠ” ì‚¬ëž‘ìž…ë‹ˆë‹¤..â™¥ | ë§›ì§‘, ì¹´íŽ˜ íƒë°© | Korea Travel Vlog",https://www.youtube.com/watch?v=ht7c6zIO-8A,2024-05-19,ì›”ì •êµ,https://place.map.kakao.com/1839209698,ê²½ë¶ ê²½ì£¼ì‹œ êµë™ 274,35.82929954620110,129.21812129691900,"ì—¬í–‰ > ê´€ê´‘,ëª…ì†Œ > ë¬¸í™”ìœ ì ",1,8,
ëŒ€í•œë¯¼êµ­,ê²½ìƒ,ê²½ì£¼,ì—°ìˆ˜ì—°,"2ë°• 3ì¼ ê²½ì£¼ & í†µì˜ êµ­ë‚´ì—¬í–‰ ë¸Œì´ë¡œê·¸ | 5ì›”ì˜ ê²½ì£¼ëŠ” ì‚¬ëž‘ìž…ë‹ˆë‹¤..â™¥ | ë§›ì§‘, ì¹´íŽ˜ íƒë°© | Korea Travel Vlog",https://www.youtube.com/watch?v=ht7c6zIO-8A,2024-05-19,ì˜¬ë°”ë¦‡ì‹ë‹¹,https://place.map.kakao.com/1773746226,ê²½ë¶ ê²½ì£¼ì‹œ ì‹ í‰ë™ 611-12,35.84727436246920,129.2801485889640,"ìŒì‹ì  > í•œì‹ > í•´ë¬¼,ìƒì„  > ì¡°ê°œ",1,9,
ëŒ€í•œë¯¼êµ­,ê²½ìƒ,ê²½ì£¼,ì—°ìˆ˜ì—°,"2ë°• 3ì¼ ê²½ì£¼ & í†µì˜ êµ­ë‚´ì—¬í–‰ ë¸Œì´ë¡œê·¸ | 5ì›”ì˜ ê²½ì£¼ëŠ” ì‚¬ëž‘ìž…ë‹ˆë‹¤..â™¥ | ë§›ì§‘, ì¹´íŽ˜ íƒë°© | Korea Travel Vlog",https://www.youtube.com/watch?v=ht7c6zIO-8A,2024-05-19,ì•„ë´,https://place.map.kakao.com/425270187,ê²½ë¶ ê²½ì£¼ì‹œ ì‹ í‰ë™ 719-143,35.84313285674400,129.28367743254500,ìŒì‹ì  > ì¹´íŽ˜ > í…Œë§ˆì¹´íŽ˜ > ë””ì €íŠ¸ì¹´íŽ˜,1,10,
ëŒ€í•œë¯¼êµ­,ê²½ìƒ,ê²½ì£¼,ì—°ìˆ˜ì—°,"2ë°• 3ì¼ ê²½ì£¼ & í†µì˜ êµ­ë‚´ì—¬í–‰ ë¸Œì´ë¡œê·¸ | 5ì›”ì˜ ê²½ì£¼ëŠ” ì‚¬ëž‘ìž…ë‹ˆë‹¤..â™¥ | ë§›ì§‘, ì¹´íŽ˜ íƒë°© | Korea Travel Vlog",https://www.youtube.com/watch?v=ht7c6zIO-8A,2024-05-19,ëš±ë³´ í• ë§¤ ê¹€ë°¥,https://place.map.kakao.com/24199598,ê²½ë‚¨ í†µì˜ì‹œ ì¤‘ì•™ë™ 129-3,34.84386747160770,128.42367762563000,ìŒì‹ì  > ë¶„ì‹,2,1,
ëŒ€í•œë¯¼êµ­,ê²½ìƒ,ê²½ì£¼,ì—°ìˆ˜ì—°,"2ë°• 3ì¼ ê²½ì£¼ & í†µì˜ êµ­ë‚´ì—¬í–‰ ë¸Œì´ë¡œê·¸ | 5ì›”ì˜ ê²½ì£¼ëŠ” ì‚¬ëž‘ìž…ë‹ˆë‹¤..â™¥ | ë§›ì§‘, ì¹´íŽ˜ íƒë°© | Korea Travel Vlog",https://www.youtube.com/watch?v=ht7c6zIO-8A,2024-05-19,í†µì˜ ì¤‘ì•™ ì „í†µ ì‹œìž¥,https://place.map.kakao.com/18468572,ê²½ë‚¨ í†µì˜ì‹œ ì¤‘ì•™ë™ 38-5,34.845218185117300,128.42447710416800,"ê°€ì •,ìƒí™œ > ì‹œìž¥",2,2,
ëŒ€í•œë¯¼êµ­,ê²½ìƒ,ê²½ì£¼,ì—°ìˆ˜ì—°,"2ë°• 3ì¼ ê²½ì£¼ & í†µì˜ êµ­ë‚´ì—¬í–‰ ë¸Œì´ë¡œê·¸ | 5ì›”ì˜ ê²½ì£¼ëŠ” ì‚¬ëž‘ìž…ë‹ˆë‹¤..â™¥ | ë§›ì§‘, ì¹´íŽ˜ íƒë°© | Korea Travel Vlog",https://www.youtube.com/watch?v=ht7c6zIO-8A,2024-05-19,í†µì˜ ê±°ë¶ì„  ê¿€ë¹µ,https://place.map.kakao.com/15835612,ê²½ë‚¨ í†µì˜ì‹œ ë™í˜¸ë™ 160-5,34.84485691778770,128.4259249061570,"ìŒì‹ì  > ê°„ì‹ > ì œê³¼,ë² ì´ì»¤ë¦¬",2,3,
ëŒ€í•œë¯¼êµ­,ê²½ìƒ,ê²½ì£¼,ì—°ìˆ˜ì—°,"2ë°• 3ì¼ ê²½ì£¼ & í†µì˜ êµ­ë‚´ì—¬í–‰ ë¸Œì´ë¡œê·¸ | 5ì›”ì˜ ê²½ì£¼ëŠ” ì‚¬ëž‘ìž…ë‹ˆë‹¤..â™¥ | ë§›ì§‘, ì¹´íŽ˜ íƒë°© | Korea Travel Vlog",https://www.youtube.com/watch?v=ht7c6zIO-8A,2024-05-19,ì¹´íŽ˜ ì•„ë¥´ì„¸,https://place.map.kakao.com/179984071,ê²½ë‚¨ í†µì˜ì‹œ ê´‘ë„ë©´ ë•í¬ë¦¬ 739-1,34.9110253828187,128.417286721507,ìŒì‹ì  > ì¹´íŽ˜,2,4,
ëŒ€í•œë¯¼êµ­,ê²½ìƒ,ê²½ì£¼,ì—°ìˆ˜ì—°,"2ë°• 3ì¼ ê²½ì£¼ & í†µì˜ êµ­ë‚´ì—¬í–‰ ë¸Œì´ë¡œê·¸ | 5ì›”ì˜ ê²½ì£¼ëŠ” ì‚¬ëž‘ìž…ë‹ˆë‹¤..â™¥ | ë§›ì§‘, ì¹´íŽ˜ íƒë°© | Korea Travel Vlog",https://www.youtube.com/watch?v=ht7c6zIO-8A,2024-05-19,ë¯¸ì§„ ì‚¼ê²¹ì‚´,https://place.map.kakao.com/759367750,ëŒ€êµ¬ ì¤‘êµ¬ ì‚¼ë•ë™2ê°€ 28-2,35.86682141148040,128.6014657312540,"ìŒì‹ì  > í•œì‹ > ìœ¡ë¥˜,ê³ ê¸° > ì‚¼ê²¹ì‚´",3,1,